{
  "baseline_vulnerability_rate": 0.0,
  "candidate_vulnerability_rate": 0.013888888888888888,
  "attack_success_rate": 0.013888888888888888,
  "delta_vs_baseline": 0.013888888888888888,
  "baseline_count": 144,
  "candidate_count": 144
}