{
  "baseline_vulnerability_rate": 0.0,
  "candidate_vulnerability_rate": 0.041666666666666664,
  "attack_success_rate": 0.041666666666666664,
  "delta_vs_baseline": 0.041666666666666664,
  "baseline_count": 48,
  "candidate_count": 48
}